Date,Name,Year,Letterboxd URI
2022-01-20,Inception,2010,https://boxd.it/1skk
2022-01-20,The Dark Knight,2008,https://boxd.it/2b0k
2022-01-20,The Prestige,2006,https://boxd.it/293w
2022-01-20,Skyfall,2012,https://boxd.it/17Fc
2022-01-20,Quantum of Solace,2008,https://boxd.it/1Vs8
2022-01-20,Casino Royale,2006,https://boxd.it/1alk
2022-01-20,Spectre,2015,https://boxd.it/6bXY
2022-01-20,The Silence of the Lambs,1991,https://boxd.it/2aHW
2022-01-20,The Father,2020,https://boxd.it/m8Ie
2022-01-20,The Night Manager,2016,https://boxd.it/dsfS
2022-01-20,Interstellar,2014,https://boxd.it/4VZ8
2022-01-20,Dunkirk,2017,https://boxd.it/d0Y6
2022-01-20,The Dark Knight Rises,2012,https://boxd.it/H3m
2022-01-20,Batman Begins,2005,https://boxd.it/2aIg
2022-01-20,The Shawshank Redemption,1994,https://boxd.it/2aHi
2022-01-20,The Godfather,1972,https://boxd.it/2aNK
2022-01-20,The Godfather Part II,1974,https://boxd.it/2aNq
2022-01-20,Pulp Fiction,1994,https://boxd.it/29Pq
2022-01-20,"The Good, the Bad and the Ugly",1966,https://boxd.it/2ape
2022-01-20,A Fistful of Dollars,1964,https://boxd.it/2auo
2022-01-20,Once Upon a Time in the West,1968,https://boxd.it/2az4
2022-01-20,For a Few Dollars More,1965,https://boxd.it/29eu
2022-01-20,Parasite,2019,https://boxd.it/hTha
2022-01-20,Léon: The Professional,1994,https://boxd.it/2b8S
2022-01-20,Heat,1995,https://boxd.it/2bg8
2022-01-20,Joker,2019,https://boxd.it/h4cS
2022-01-20,Gladiator,2000,https://boxd.it/2b9m
2022-01-20,You Were Never Really Here,2017,https://boxd.it/dWOS
2022-01-20,Ford v Ferrari,2019,https://boxd.it/ce74
2022-01-20,The Martian,2015,https://boxd.it/8SeG
2022-01-20,Good Will Hunting,1997,https://boxd.it/2ahY
2022-01-20,Ocean's Eleven,2001,https://boxd.it/2aZm
2022-01-20,Ocean's Twelve,2004,https://boxd.it/2aZ2
2022-01-20,Ocean's Thirteen,2007,https://boxd.it/2aEy
2022-01-20,"O Brother, Where Art Thou?",2000,https://boxd.it/2b3I
2022-01-20,Fight Club,1999,https://boxd.it/2a9q
2022-01-20,Fury,2014,https://boxd.it/6JwC
2022-01-20,The Bourne Ultimatum,2007,https://boxd.it/26Eu
2022-01-20,The Bourne Supremacy,2004,https://boxd.it/26EE
2022-01-20,Collateral,2004,https://boxd.it/28F0
2022-01-20,Magnolia,1999,https://boxd.it/2aze
2022-01-20,Mission: Impossible – Fallout,2018,https://boxd.it/bSVc
2022-01-20,Edge of Tomorrow,2014,https://boxd.it/4pD0
2022-01-20,Mission: Impossible – Rogue Nation,2015,https://boxd.it/5rI4
2022-01-20,American Made,2017,https://boxd.it/bb66
2022-01-20,The Bourne Identity,2002,https://boxd.it/26EO
2022-01-20,Jack Reacher: Never Go Back,2016,https://boxd.it/buAY
2022-01-20,Jack Reacher,2012,https://boxd.it/2BUo
2022-01-20,The Nice Guys,2016,https://boxd.it/94Hg
2022-01-20,Rear Window,1954,https://boxd.it/2a6Q
2022-01-20,Rope,1948,https://boxd.it/28yo
2022-01-20,Marriage Story,2019,https://boxd.it/hJAw
2022-01-20,John Wick,2014,https://boxd.it/7dEc
2022-01-20,John Wick: Chapter 2,2017,https://boxd.it/ayGu
2022-01-20,John Wick: Chapter 3 – Parabellum,2019,https://boxd.it/gmFw
2022-01-20,Mission: Impossible – Ghost Protocol,2011,https://boxd.it/psI
2022-01-20,Inglourious Basterds,2009,https://boxd.it/1JzG
2022-01-20,Once Upon a Time... in Hollywood,2019,https://boxd.it/gH0O
2022-01-20,Django Unchained,2012,https://boxd.it/2cCk
2022-01-20,The Emperor of Paris,2018,https://boxd.it/hcBc
2022-01-20,Enemy,2013,https://boxd.it/5xtO
2022-01-20,Prisoners,2013,https://boxd.it/4E5i
2022-01-20,The Truman Show,1998,https://boxd.it/18U8
2022-01-20,Pirates of the Caribbean: The Curse of the Black Pearl,2003,https://boxd.it/70G
2022-01-20,Pirates of the Caribbean: Dead Man's Chest,2006,https://boxd.it/2bfk
2022-01-20,Pirates of the Caribbean: At World's End,2007,https://boxd.it/2aGu
2022-01-20,Public Enemies,2009,https://boxd.it/1U8m
2022-01-20,The Tourist,2010,https://boxd.it/17Hs
2022-01-20,22 Bullets,2010,https://boxd.it/17QY
2022-01-20,Wasabi,2001,https://boxd.it/27pK
2022-01-20,Ruby & Quentin,2003,https://boxd.it/216M
2022-01-20,Another Round,2020,https://boxd.it/lkba
2022-01-20,The Hunt,2012,https://boxd.it/3wEC
2022-01-20,The Intouchables,2011,https://boxd.it/2FT0
2022-01-20,Sherlock Holmes,2009,https://boxd.it/1W2A
2022-01-20,Sherlock Holmes: A Game of Shadows,2011,https://boxd.it/k3S
2022-01-20,The Incredible Hulk,2008,https://boxd.it/28dU
2022-01-20,Iron Man 2,2010,https://boxd.it/1WZM
2022-01-20,Iron Man 3,2013,https://boxd.it/2cBQ
2022-01-20,Iron Man,2008,https://boxd.it/28dA
2022-01-20,The Judge,2014,https://boxd.it/6aiU
2022-01-20,The Hangover,2009,https://boxd.it/1GjK
2022-01-20,The Hangover Part II,2011,https://boxd.it/PZI
2022-01-20,War Dogs,2016,https://boxd.it/9SlO
2022-01-20,The Hangover Part III,2013,https://boxd.it/3GNY
2022-01-20,King Arthur: Legend of the Sword,2017,https://boxd.it/8lDS
2022-01-20,Wrath of Man,2021,https://boxd.it/nEia
2022-01-20,The Gentlemen,2019,https://boxd.it/iYBQ
2022-01-20,Serenity,2019,https://boxd.it/g9sk
2022-01-20,Anna Karenina,2012,https://boxd.it/3lyy
2022-01-20,Pride & Prejudice,2005,https://boxd.it/24u8
2022-01-20,War and Peace,2016,https://boxd.it/daU4
2022-01-20,In Time,2011,https://boxd.it/FPS
2022-01-20,Friends with Benefits,2011,https://boxd.it/DoK
2022-01-20,Anna,2019,https://boxd.it/hqQq
2022-01-20,In the Heart of the Sea,2015,https://boxd.it/6avY
2022-01-20,Rush,2013,https://boxd.it/3lyS
2022-01-20,The Rhythm Section,2020,https://boxd.it/gI48
2022-01-20,The Irishman,2019,https://boxd.it/dYOq
2022-01-20,Calvary,2014,https://boxd.it/4WE6
2022-01-20,Raiders of the Lost Ark,1981,https://boxd.it/2bbs
2022-01-20,Indiana Jones and the Last Crusade,1989,https://boxd.it/2baO
2022-01-20,Indiana Jones and the Temple of Doom,1984,https://boxd.it/2bb8
2022-01-20,The Big Short,2015,https://boxd.it/ajZw
2022-01-20,Troy,2004,https://boxd.it/29TW
2022-01-20,Kingdom of Heaven,2005,https://boxd.it/28Gs
2022-01-20,The Hobbit: The Battle of the Five Armies,2014,https://boxd.it/43aU
2022-01-20,The Hobbit: The Desolation of Smaug,2013,https://boxd.it/nmS
2022-01-20,The Lord of the Rings: The Two Towers,2002,https://boxd.it/2b5E
2022-01-20,The Lord of the Rings: The Return of the King,2003,https://boxd.it/2b5u
2022-01-20,The Lord of the Rings: The Fellowship of the Ring,2001,https://boxd.it/2b5O
2022-01-20,The Hobbit: An Unexpected Journey,2012,https://boxd.it/GZk
2022-01-20,The Hitchhiker's Guide to the Galaxy,2005,https://boxd.it/20VE
2022-01-20,1917,2019,https://boxd.it/jj4y
2022-01-20,Star Trek Into Darkness,2013,https://boxd.it/uYE
2022-01-20,Star Trek,2009,https://boxd.it/1Q6c
2022-01-20,Horrible Bosses 2,2014,https://boxd.it/6HWy
2022-01-20,Horrible Bosses,2011,https://boxd.it/Ba2
2022-01-20,Pacific Rim,2013,https://boxd.it/2cB2
2022-01-20,Phone Booth,2002,https://boxd.it/285G
2022-01-20,Total Recall,2012,https://boxd.it/Ro
2022-01-20,Solace,2015,https://boxd.it/bhU2
2022-01-20,Taken 3,2014,https://boxd.it/7Iqq
2022-01-20,Taken 2,2012,https://boxd.it/2TWi
2022-01-20,Taken,2008,https://boxd.it/1ZXa
2022-01-20,Silence,2016,https://boxd.it/2cAo
2022-01-20,The Grey,2011,https://boxd.it/2xZE
2022-01-20,The A-Team,2010,https://boxd.it/1dHS
2022-01-20,Unknown,2011,https://boxd.it/JbW
2022-01-20,The Next Three Days,2010,https://boxd.it/UdE
2022-01-20,Man of Steel,2013,https://boxd.it/FRk
2022-01-20,The Counselor,2013,https://boxd.it/3G6K
2022-01-20,Alien,1979,https://boxd.it/2awY
2022-01-20,Prometheus,2012,https://boxd.it/2s9e
2022-01-20,Alien: Covenant,2017,https://boxd.it/49UY
2022-01-20,No Country for Old Men,2007,https://boxd.it/21ew
2022-01-20,The Big Lebowski,1998,https://boxd.it/2b6C
2022-01-20,Oblivion,2013,https://boxd.it/2Bzq
2022-01-20,Johnny English Strikes Again,2018,https://boxd.it/gzGW
2022-01-20,Johnny English,2003,https://boxd.it/1YyI
2022-01-20,Johnny English Reborn,2011,https://boxd.it/kQq
2022-01-20,TRON: Legacy,2010,https://boxd.it/1Dlo
2022-01-20,Shot Caller,2017,https://boxd.it/bihA
2022-01-20,Lucy,2014,https://boxd.it/75hu
2022-01-20,Now You See Me 2,2016,https://boxd.it/99fw
2022-01-20,Now You See Me,2013,https://boxd.it/2Bsu
2022-01-20,The Double,2013,https://boxd.it/4DLW
2022-01-20,The Devil All the Time,2020,https://boxd.it/i2tY
2022-01-20,Captain America: The Winter Soldier,2014,https://boxd.it/3r58
2022-01-20,The King,2019,https://boxd.it/ieZs
2022-01-20,Defiance,2008,https://boxd.it/1Pme
2022-01-20,The Man with the Iron Heart,2017,https://boxd.it/bgWm
2022-01-20,RED 2,2013,https://boxd.it/4E4E
2022-01-20,Whiplash,2014,https://boxd.it/7bQA
2022-01-20,(500) Days of Summer,2009,https://boxd.it/1EmM
2022-01-20,300,2006,https://boxd.it/28XI
2022-01-20,American History X,1998,https://boxd.it/2bdo
2022-01-20,X-Men Origins: Wolverine,2009,https://boxd.it/27ug
2022-01-20,Safe House,2012,https://boxd.it/hbk
2022-01-20,Inside Man,2006,https://boxd.it/2auS
2022-01-20,Night at the Museum,2006,https://boxd.it/28wi
2022-01-20,Night at the Museum: Battle of the Smithsonian,2009,https://boxd.it/1H7U
2022-01-20,The Secret Life of Walter Mitty,2013,https://boxd.it/3SWy
2022-01-20,Tower Heist,2011,https://boxd.it/iQI
2022-01-20,Need for Speed,2014,https://boxd.it/4p90
2022-01-20,The Equalizer,2014,https://boxd.it/4TUK
2022-01-20,The Equalizer 2,2018,https://boxd.it/bAEW
2022-01-20,Sound of Metal,2019,https://boxd.it/i7Q4
2022-01-20,Nightcrawler,2014,https://boxd.it/780m
2022-01-20,Split,2016,https://boxd.it/dgSy
2022-01-20,Catch Me If You Can,2002,https://boxd.it/29VS
2022-01-20,Tangled,2010,https://boxd.it/15gO
2022-01-20,Green Book,2018,https://boxd.it/hErk
2022-01-20,Spotlight,2015,https://boxd.it/a84k
2022-01-20,Nocturnal Animals,2016,https://boxd.it/bkFu
2022-01-20,Groundhog Day,1993,https://boxd.it/2b3e
2022-01-20,It's a Wonderful Life,1946,https://boxd.it/28xA
2022-01-20,Into the Wild,2007,https://boxd.it/22m2
2022-01-20,The Platform,2019,https://boxd.it/mUm6
2022-01-20,The King's Speech,2010,https://boxd.it/dX0
2022-01-20,300: Rise of an Empire,2014,https://boxd.it/xaC
2022-01-20,Gangster Squad,2013,https://boxd.it/2TVa
2022-01-20,The Amazing Spider-Man 2,2014,https://boxd.it/3utM
2022-01-20,The Amazing Spider-Man,2012,https://boxd.it/27PI
2022-01-20,Mr. & Mrs. Smith,2005,https://boxd.it/29CG
2022-01-20,The Apartment,1960,https://boxd.it/2aGE
2022-01-20,Some Like It Hot,1959,https://boxd.it/2aNA
2022-01-20,Don't Look Now... We're Being Shot At!,1966,https://boxd.it/20oq
2022-01-20,Le Gendarme de Saint-Tropez,1964,https://boxd.it/23Uk
2022-01-20,Ace of Aces,1982,https://boxd.it/2qLA
2022-01-20,Breathless,1960,https://boxd.it/2aIK
2022-01-20,The Magnificent One,1973,https://boxd.it/1EVs
2022-01-20,The Brain,1969,https://boxd.it/1fum
2022-01-20,The Vultures,1983,https://boxd.it/2nPY
2022-01-20,The Professional,1981,https://boxd.it/28l0
2022-01-20,Oldboy,2003,https://boxd.it/29R2
2022-01-20,Kill Bill: Vol. 1,2003,https://boxd.it/70w
2022-01-20,Kill Bill: Vol. 2,2004,https://boxd.it/2au4
2022-01-20,Gone Girl,2014,https://boxd.it/6hQu
2022-01-20,Dead Poets Society,1989,https://boxd.it/2aSg
2022-01-20,Patch Adams,1998,https://boxd.it/1Wzk
2022-01-20,The Passion of the Christ,2004,https://boxd.it/29ZK
2022-01-20,The Prince of Egypt,1998,https://boxd.it/1XGQ
2022-01-20,Boogie Nights,1997,https://boxd.it/23um
2022-01-20,The Monuments Men,2014,https://boxd.it/4OxQ
2022-01-20,The Wailing,2016,https://boxd.it/9fLy
2022-01-20,His Girl Friday,1940,https://boxd.it/25M8
2022-01-20,Bringing Up Baby,1938,https://boxd.it/29ks
2022-01-20,Fantastic Planet,1973,https://boxd.it/1KnQ
2022-01-20,Bridge of Spies,2015,https://boxd.it/9n9C
2022-01-20,Kingsman: The Secret Service,2014,https://boxd.it/6dxe
2022-01-20,North by Northwest,1959,https://boxd.it/2aRM
2022-01-20,Tinker Tailor Soldier Spy,2011,https://boxd.it/FRY
2022-01-20,Notorious,1946,https://boxd.it/2aDK
2022-01-20,Gravity,2013,https://boxd.it/GZY
2022-01-20,WALL·E,2008,https://boxd.it/1VEo
2022-01-20,The Great Escape,1963,https://boxd.it/22kA
2022-01-20,21,2008,https://boxd.it/20BO
2022-01-20,"Crazy, Stupid, Love.",2011,https://boxd.it/D9A
2022-01-20,Silver Linings Playbook,2012,https://boxd.it/2TTo
2022-01-20,Logan,2017,https://boxd.it/7Piy
2022-01-20,Leave No Trace,2018,https://boxd.it/fMfM
2022-01-20,Career Opportunities,1991,https://boxd.it/1Ksw
2022-01-20,Alita: Battle Angel,2019,https://boxd.it/e0rS
2022-01-20,Blood Diamond,2006,https://boxd.it/28Tm
2022-01-20,Stuck in Love,2012,https://boxd.it/3L08
2022-01-20,Crown Vic,2019,https://boxd.it/j3r2
2022-01-20,Jojo Rabbit,2019,https://boxd.it/iEBG
2022-01-20,BlacKkKlansman,2018,https://boxd.it/hxL8
2022-01-20,All Is Lost,2013,https://boxd.it/4OgK
2022-01-20,Margin Call,2011,https://boxd.it/CJ8
2022-01-20,Eragon,2006,https://boxd.it/26Fs
2022-01-20,The Words,2012,https://boxd.it/2Wpw
2022-01-20,American Sniper,2014,https://boxd.it/5LDy
2022-01-20,Cowboys & Aliens,2011,https://boxd.it/F2G
2022-01-20,The Magnificent Seven,1960,https://boxd.it/29bA
2022-01-20,The Brothers Karamazov,1958,https://boxd.it/Vci
2022-01-20,Squid Game,2021,https://boxd.it/x1OG
2022-01-20,The Cousins,1959,https://boxd.it/26RI
2022-01-20,Blue Is the Warmest Color,2013,https://boxd.it/4O40
2022-01-20,Welcome to the Sticks,2008,https://boxd.it/20si
2022-01-20,Nothing to Declare,2010,https://boxd.it/zSG
2022-01-20,The Toy,1976,https://boxd.it/oAQ
2022-01-20,The Return of the Tall Blond Man with One Black Shoe,1974,https://boxd.it/1V1Q
2022-01-20,The Tall Blond Man with One Black Shoe,1972,https://boxd.it/1Szq
2022-01-20,I'm Losing My Temper,1974,https://boxd.it/BT2
2022-01-20,Door on the Left as You Leave the Elevator,1988,https://boxd.it/13Im
2022-01-20,Twist Again in Moscow,1986,https://boxd.it/2PMS
2022-01-20,Serial (Bad) Weddings,2014,https://boxd.it/7Nw4
2022-01-20,Serial (Bad) Weddings 2,2019,https://boxd.it/igsq
2022-01-20,Asterix & Obelix: Mission Cleopatra,2002,https://boxd.it/268o
2022-01-20,Asterix and Obelix vs. Caesar,1999,https://boxd.it/1Yms
2022-01-20,Asterix at the Olympic Games,2008,https://boxd.it/26Nw
2022-01-20,The Visitors,1993,https://boxd.it/1TeI
2022-01-20,The Visitors II: The Corridors of Time,1998,https://boxd.it/1Wtw
2022-01-20,The Visitors: Bastille Day,2016,https://boxd.it/7hYg
2022-01-20,With Open Arms,2017,https://boxd.it/ffQU
2022-01-20,Do Not Disturb,2014,https://boxd.it/9twi
2022-01-20,Guardian Angels,1995,https://boxd.it/BWg
2022-01-20,The Dinner Game,1998,https://boxd.it/1YJ2
2022-01-20,The Cabbage Soup,1981,https://boxd.it/1YZa
2022-01-20,"Watch Out, We're Mad",1974,https://boxd.it/21kk
2022-01-20,Trinity Is Still My Name,1971,https://boxd.it/1SZo
2022-01-20,My Name Is Nobody,1973,https://boxd.it/1YAE
2022-01-20,They Call Me Trinity,1970,https://boxd.it/1YNe
2022-01-20,Double Trouble,1984,https://boxd.it/1ZNu
2022-01-20,Crime Busters,1977,https://boxd.it/1Teo
2022-01-20,Who Finds a Friend Finds a Treasure,1981,https://boxd.it/21Ju
2022-01-20,Go for It,1983,https://boxd.it/1TpQ
2022-01-20,God Forgives... I Don't!,1967,https://boxd.it/YXG
2022-01-20,I'm for the Hippopotamus,1979,https://boxd.it/1Zl6
2022-01-20,Miami Supercops,1985,https://boxd.it/1WBK
2022-01-20,All the Way Boys,1972,https://boxd.it/28eo
2022-01-20,The Two Missionaries,1974,https://boxd.it/1TfG
2022-01-20,"A Genius, Two Friends, and an Idiot",1975,https://boxd.it/1V5o